drugbank_id,ref_id,isbn,citation
DB00035,,978-0-7020-3471-8,"32. (2012). In Rang and Dale's Pharmacology  (7th ed., pp. 399-400). Edinburgh: Elsevier/Churchill Livingstone."
DB00085,,978-1-4160-0208-6,"Shorr R., Hoth A. and Rawls N. (2007). Drugs for the Geriatric Patient. Elsevier."
DB00115,,,"Amidon, Gordon L., Sadée, Wolfgang (2002). Vitamin B12 Transporters (12th ed.). Springer, Boston MA."
DB00153,,978-012-374118-9,Coulston A. and Boushey C. (2008). Nutrition in the Prevention and Treatment of Disease (2nd ed.). Academic Press.
DB00153,,978-0-8493-9771-4,"Eitenmiller R., Ye L. and Landen W. (2008). Vitamin analysis for the health and food sciences (2nd ed.). Taylor and Francis."
DB00153,,978-1-4612-9793-2,Rajiv Kumar (1984). Vitamin D: Basic and Clinical Aspects. Martinus Nijhoff Publishing.
DB00153,,,"Speeckaert M., Speeckaert R., Geel N. and Delanghe J. (2014). Advances in Clinical Chemistry. Elsevier."
DB00169,,0429863632,"Caroline Ashley, Aileen Dunleavy (2018). The Renal Drug Handbook: The Ultimate Prescribing Guide for Renal Practitioners, 5th Edition (5th ed.). CRC Press."
DB00175,,1-57340-221-4,"Frishman W., Cheng-Lai A. and Nawarskas J. (2005). Current cardiovascular drugs (4th ed.). Current medicine LLC."
DB00175,,9781935395621,"William H. Frishman, MD, Domenic A. Sica, MD (2011). Cardiovascular Pharmacotherapeutics. Cardiotext Publishing."
DB00175,,,"Taylor JB, Triggle DJ. (2007). Comprehensive Medicinal Chemistry II. Elsevier."
DB00175,,978-0-7817-6879-5,"Lemke T., Williams D., Roche V. and Zito W. (2008). Foye's Principles of Medicinal Chemistry (6th) (6th ed.). Lippincott Williams & Wilkins."
DB00177,,9783540298328,"Bader, M. (2004). Renin-angiotensin-aldosterone system. In Encyclopedic reference of molecular pharmacology (pp. 810-814). Berlin: Springer."
DB00178,,978-1-25-958473-2,Hilal-Dandan R (2018). 26. In Goodman & Gilman's: The Pharmacological Basis of Therapeutics (13th ed.). McGraw-Hill Education.
DB00186,,,"Ghiasi N. and Marwaha R. (2018). Lorazepam.. Treasure Island, FL."
DB00186,,,Pagliaro L. and Pagliaro A. (1999). Psychologists' psychotropic drug reference. Taylor and Francis.
DB00186,,,Volpe J. (2008). Neurology of the Newborn (5th ed.). Saunders Elsevier.
DB00190,,978-0-7020-3471-8,"Rang, H. P. and Dale, M. M. (2012). Rang and Dale's Pharmacology  (7th ed.). Edinburgh: Elsevier/Churchill Livingstone."
DB00190,,978-0-19-537177-2,Ahlskog J. (2009). Parkinson's disease treatment guide for physicians. Oxford University Press.
DB00191,,978-1-60413-204-5,May S. (2009). Weight-Loss Drugs. Chelsea House Publishers.
DB00191,,,Barceloux D.G. (2012). Medical toxicology of drug abuse: Synthesized chemicals and psychoactive plants.. Wiley.
DB00201,,,Justin Evans; Amanda S. Battisti (2019). Caffeine. Stat Pearls Publishing.
DB00201,,,"IARC Working Group on the Evaluation of Carcinogenic Risk to Humans (1991). Coffee, Tea, Mate, Methylxanthines and Methylglyoxal. International Agency for Research on Cancer."
DB00201,,,Institute of Medicine (US) Committee on Military Nutrition Research. (2001). Caffeine for the Sustainment of Mental Task Performance: Formulations for Military Operations.. National Academic Press.
DB00214,,,"Coleman J., Cox A. and Cowley N. (2011). Side Effects of Drugs Annual. Elsevier."
DB00215,,,https://www.ncbi.nlm.nih.gov/books/NBK482222/ (2018). Stat Pearls [Internet]. NIH Stat Pearls.
DB00227,,,Acton A. (2013). Advances in Lovastatin Research and Application. ScholarlyBrief.
DB00227,,0-7432-9925-6,"Loughlin K. and Generali J. (2006). Prescription Drugs: Alternative Uses, Alternative Cures. Free Press."
DB00228,,,John D. Current M.D. (n/A). Pharmacology for Anesthetists: anesthesia and adjuvants. N/A.
DB00241,,978-0-471-72760-6,"23. (2012). In Medical Toxicology of Drug Abuse: Synthesized Chemicals and Psychoactive Plants. (pp. 474-476). Hoboken, N.J: John Wiley & Sons."
DB00245,,,Troy B. and Beringer P. (2006). Remington: The Science and Practice of Pharmacy (21st ed.). Lippincott Williams & Wilkins.
DB00245,,978-0-8261-2858-4,Hale T. and Rowe H. (2017). MEdications & mothers' milk (17th ed.). Springer publishing company.
DB00264,,1-57340-221-4,"Frishman W., Cheng-Lai A. and Nawarskas J. (2005). Current cardiovascular drugs (4th ed.). Current medicine LLC."
DB00264,,,Jones & Bartlett (2016). 2016 Nurse's drug handbook (15th ed.). Jones and Bartlett Publishers Inc..
DB00264,,0-471-98598-8,"Saeb-Parsy K., Assomull R., Khan F., Saeb-Parsy K. and Kelly A. (1990). Instant Pharmacology. Willey."
DB00273,,,Mary J. Allen; Sandeep Sharma (2019). GABA receptor. StatPearls.
DB00279,,978-0-7637-6547-7,"Sullivan K. (2009). Nurse's drug handbook (8th ed.). Jones and Bartlett Publishers, LLC."
DB00279,,,Upfal J. (2007). The Australian Drug Guide (7th ed.). National Library of Australia.
DB00279,,978-1-58528-266-1,Harrold M. and Zavod R. (2013). Basic Concepts in Medicinal Chemistry. American Society of Health-System Pharmacists.
DB00279,,,Scott-Moncrieff C. (2015). Canine and feline endocrinology (4th ed.). Elsevier.
DB00279,,,Kumar P. (2017). Pharmacology and therapeutics for dentistry (7th ed.). Mosby.
DB00279,,,Ashley C. and Dunleavy A. (2014). The renal drug handbook. Caroline Ashley and Aileen Dunleavy.
DB00281,,9780941901215,"Scriabine, Alexander (2017). Pharmaceutical Innovation: Revolutionizing Human Health.. Chemical Heritage Press.."
DB00286,,0-203-62272-3,Lauritzen C. and Studd J. (2005). Current management of the menopause. Taylor and Francis.
DB00286,,9780323511216,Arthur H. Jeske (2017). Mosby's Dental Drug Reference - E-Book. Elsevier Health Sciences.
DB00286,,,Kelsey J. and Marcus R. (2000). Menopause. Academic Press.
DB00289,,,"Coleman J., Cox A. and Cowley N. (2011). Side Effects of Drugs Annual. Elsevier."
DB00289,,,"Waller D., and Sampson A. (2018). Medical Pharmacology and Therapeutics (5th ed.). Elsevier."
DB00289,,,Kolevzon A. (2013). The neuroscience of autism spectrum disorders. Elsevier.
DB00294,,,Feisullin K. and Westhoff C. (2010). Principles of gender-specific medicine (2nd ed.). Academic press.
DB00294,,,Zaragoza Dorwald F. (2012). Lead optimization for medicinal chemists. Wiley-VCH.
DB00304,,978-0-7817-6879-5,"Lemke T., Williams D., Roche V. and Zito W. (2008). Foye's Principles of Medicinal Chemistry (6th) (6th ed.). Lippincott Williams & Wilkins."
DB00304,,978-1-4377-0310-8,"Bardal S, Waechter J, Martin D. (2011). Applied Pharmacology. Elsevier Health Sciences."
DB00304,,978-3-642-73792-3,"Runnebaum B., Rabe K. and Kiesel L. (1988). Female contraception. Springer-Verlag."
DB00316,,,Valerie Gerriets; Thomas M. Nappe (2019). Acetaminophen. StatPearls publishing.
DB00331,,,"Matthew J Crowley, MD, Clarissa J Diamantidis, MD, Jennifer R McDuffie, PhD, Blake Cameron, MD, John Stanifer, MD, Clare K Mock, MD, Andrzej Kosinski, PhD, Xianwei Wang, MD, Shuang Tang, MD, PhD, and John W Williams, Jr, MD, MHSc (2016). Metformin Use in Patients with Historical Contraindications or Precautions. Department of Veterans Affairs (US)."
DB00331,,,Institute for Quality and Efficiency in Health Care (IQWiG) (2008). Type 2 diabetes: Overview. InformedHealth.org.
DB00332,,,Upfal J. (2007). The Australian Drug Guide (7th ed.). National Library of Australia.
DB00332,,978-0-7817-5273-2,"George R., Light R., Matthay M. and Matthay R. (2005). Chest Medicine. Essentials of pulmonary and critical care medicine. (5th ed.). Lippincott Williams & Wilkins."
DB00332,,0-12-079028-9,"Barnes P., Drazen J., Rennard S. and Thomson N. (2002). Asthma and COPD. Elsevier Science Ltd."
DB00332,,,Woo T.M. and Robinson M. (2016). Pharmacotherapeutics for advanced practice nurse prescribers (4th ed.). Davis Company.
DB00332,,978-0-8261-2858-4,Hale T. and Rowe H. (2017). MEdications & mothers' milk (17th ed.). Springer publishing company.
DB00334,,0-7817-5950-1,Green W. (2001). Child & adolescent clinical psychopharmacology (3rd ed.). Lippincott Williams & Wilkins.
DB00334,,978-0-521-87363-5,"Ng C., Lin K., Singh B. and Chiu E. (2008). Ethno-psychopharmacology. Cambridge University Press."
DB00334,,978-161-5371-228,Schatzberg A. and Nemeroff C. (2017). The american psychiatric association publishing textbook of psychopharmacology (5th ed.). American Psychiatric Association Publishing.
DB00335,,978-1-25-958473-2,Thomas C. Westfall; Heather Macarthur; David P. Westfall (2018). 12. In Goodman & Gilman's: The Pharmacological Basis of Therapeutics (13th ed.). McGraw-Hill Education.
DB00343,,978-0-7020-3471-8,"4, 22. (2012). In Rang and Dale's Pharmacology  (7th ed., pp. 50, 272). Edinburgh: Elsevier/Churchill Livingstone."
DB00367,,,Christina Vrettakos; Tushar Bajaj (2019). Levonorgestrel. Stat Pearls NIH.
DB00370,,,Talha N. Jilani; Abdolreza Saadabadi (2019). Mirtazapine. StatPearls Publishing.
DB00384,,978-0-7020-3471-8,"28. (2012). In Rang and Dale's Pharmacology  (7th ed., pp. 352-353, 356). Edinburgh: Elsevier/Churchill Livingstone."
DB00390,,,Rameez Rehman; Ofek Hai. (2018). Digitalis Toxicity. StatPearls Publishing.
DB00390,,,IARC Working Group on the Evaluation of Carcinogenic Risk to Humans. Lyon (FR) (2016). Some Drugs and Herbal Products. International Agency for Research on Cancer.
DB00390,,,A Kosaraju (2019). Left Ventricular Ejection Fraction. StatPearls.
DB00396,,,Danielle B. Cooper; Rotimi Adigun (2018). Oral contraceptives. StatPearls Publishing.
DB00396,,,"Dhanalakshmi K. Thiyagarajan; Rebecca Jeanmonod (2019). Physiology, Menstrual Cycle. StatPearls publishing."
DB00411,,978-0-07-176402-5,"Pappano AJ (2012). Cholinoceptor-Activating & Cholinesterase-Inhibiting Drugs. In Basic & Clinical Pharmacology (12th Edition) (12th ed., pp. 97-113). McGraw Hill."
DB00437,,,Ahmad Qurie; Rina Musa (2018). StatPearls: Allopurinol. StatPearls Publishing.
DB00440,,9780702080609,Antibacterial Agents That Interfere With Folate Synthesis. (2020). In Rang and Dale's Pharmacology (9th ed.). Edinburgh: Elsevier.
DB00458,,978-1-25-958473-2,"Brunton LL, Hilal-Dandan R, Knollmann BC. eds (2018). Goodman & Gilman's: The Pharmacological Basis of Therapeutics (13th ed.). McGraw-Hill Education."
DB00461,,978-1-25-958473-2,Emer M. Smyth; Tilo Grosser; Garret A. FitzGerald (2018). 37 & 38. In Goodman & Gilman's: The Pharmacological Basis of Therapeutics (13th ed.). McGraw-Hill Education.
DB00476,,978-1-25-958473-2,David R. Sibley; Lisa A. Hazelwood; Susan G. Amara (2018). 13. In Goodman & Gilman's: The Pharmacological Basis of Therapeutics (13th ed.). McGraw-Hill Education.
DB00481,,978-0-7020-3471-8,"35. (2012). In Rang and Dale's Pharmacology  (7th ed., pp. 438-439). Edinburgh: Elsevier/Churchill Livingstone."
DB00482,,,"Brandon Cohen; Charles V. Preuss (2019). Celecoxib, NIH StatPearls. StatPearls."
DB00490,,978-0-7020-3471-8,"43. (2012). In Rang and Dale's Pharmacology  (7th ed., pp. 538-539). Edinburgh: Elsevier/Churchill Livingstone."
DB00540,,978-0-7020-3471-8,"46. (2012). In Rang and Dale's Pharmacology  (7th ed., pp. 574-575). Edinburgh: Elsevier/Churchill Livingstone."
DB00555,,978-0-7020-3471-8,"44. (2012). In Rang and Dale's Pharmacology  (7th ed., pp. 544, 549). Edinburgh: Elsevier/Churchill Livingstone."
DB00557,,9780702080609,How drugs act: General principles. (2020). In Rang and Dale's Pharmacology (9th ed.). Edinburgh: Elsevier.
DB00564,,,Jasdave S. Maan; Abdolreza Saadabadi (2019). Carbamazepine. Stat Pearls Publishing.
DB00581,,,Canadian Pharmacists Association (2019). Compendium of Pharmaceuticals and Specialties. Canadian Pharmacists Association.
DB00584,,978-0-7020-3471-8,"22. (2012). In Rang and Dale's Pharmacology  (7th ed., pp. 270-271). Edinburgh: Elsevier/Churchill Livingstone."
DB00586,,978-1-25-958473-2,"Brunton LL, Hilal-Dandan R, Knollmann BC. eds (2018). Goodman & Gilman's: The Pharmacological Basis of Therapeutics (13th ed.). McGraw-Hill Education."
DB00591,,978-0-7817-6879-5,"Lemke T., Williams D., Roche V. and Zito W. (2008). Foye's Principles of Medicinal Chemistry (6th) (6th ed.). Lippincott Williams & Wilkins."
DB00591,,978-3-540-33861-1,"Becker M., Davis J. (2008). Surgical Management of Inflammatory Eye Disease. Springer."
DB00591,,,Narayanan R. and Kuppermann B. (2010). Retinal pharmacotherapy. Elsevier.
DB00607,,978-0-7020-3471-8,"49. (2012). In Rang and Dale's Pharmacology  (7th ed., pp. 612). Edinburgh: Elsevier/Churchill Livingstone."
DB00612,,,William D. Tucker; Pramod Theetha Kariyanna (2019). Selective B1 blockers. Stat Pearls Publishing.
DB00612,,,National Collaborating Centre for Women's and Children's Health (UK) (2010). NICE Guidelines for hypertension in pregnancy. RCOG Press.
DB00626,,978-0-07-183979-2,2. (2018). In Poisoning & Drug Overdose (7th ed.). McGraw-Hill Education.
DB00628,,,"Davies, JA (2007). Clorazepate. In XPharm: The comprehensive Pharmacology Reference (pp. 1-5). Elsevier."
DB00628,,9781118937006,"Trinka, E, Brigo F (2015). Benzodiazepines Used in the Treatment of Epilepsy. In The Treatment of Epilepsy, 4 (pp. 398-417). John Wiley & Sons, Ltd."
DB00656,,,"Justin J. Shin; Abdolreza Saadabadi. (2019). Trazodone, StatPearls. Stat Pearls."
DB00671,,978-0-323-39307-2,"Frank J. Dowd, Barton S. Johnson and Angelo J. Mariotti (2017). Pharmacology and Therapeutics for Dentistry (Seventh Edition) (7th ed.). Elsevier."
DB00671,,,Kumar P. (2017). Pharmacology and therapeutics for dentistry (7th ed.). Mosby.
DB00682,,,"Aster JC, Bunn HF (2017). Pathophysiology of Blood Disorders (2nd ed.). McGraw-Hill."
DB00682,,978-1-25-958473-2,"Brunton LL, Hilal-Dandan R, Knollmann BC. eds (2018). Goodman & Gilman's: The Pharmacological Basis of Therapeutics (13th ed.). McGraw-Hill Education."
DB00683,,,"Siegel GJ, Agranoff BW, Albers RW et al. (1999). Basic Neurochemistry: Molecular, Cellular and Medical Aspects (6th ed.). Lippincott Williams."
DB00687,,978-0-7020-3471-8,32. (2012). In Rang and Dale's Pharmacology  (7th ed.). Edinburgh: Elsevier/Churchill Livingstone.
DB00695,,978-0-7020-3471-8,"28. (2012). In Rang and Dale's Pharmacology  (7th ed., pp. 352-354). Edinburgh: Elsevier/Churchill Livingstone."
DB00697,,,Shirin Ghanavatian; Armen Derian (2019). Tizanidine. StatPearls.
DB00715,,,Prabina Shrestha; Sara Abdijadid (2018). Paroxetine. NIH StatPearls.
DB00715,,,Siu Wa Tang and Daiga Helmeste (2008). Expert opinion on pharmacotherapeutics; Paroxetine. Taylor and Francis online.
DB00737,,978-0-7020-3471-8,"29. (2012). In Rang and Dale's Pharmacology  (7th ed., pp. 365-367). Edinburgh: Elsevier/Churchill Livingstone."
DB00743,,978-0-85369-840-1," Sweetman, Sean C. (2009). Contrast Media. In Martindale : The Complete Drug Reference, 36th Edition 2 Volume Set (36th ed., pp. 1478). Pharmaceutical Press."
DB00766,,,Justin Evans; Micah Wittler (2019). Amoxicillin Clavulanate. Stat Pearls.
DB00780,,,"Preskon S., Feighner J., Stanga C. and Ross R. (2004). Antidepressants: Past, Present and Future. Springer-Verlag."
DB00780,,,Owens D. (2010). Companion to psychiatric studies (8th ed.). Elsevier.
DB00783,,978-3-642-60107-1,"W. KuhnzH. BlodeH. Zimmermann (1993). Pharmacokinetics of Exogenous Natural and Synthetic Estrogens and Antiestrogens. In: Estrogens and Antiestrogens II.. Springer, Berlin, Heidelberg."
DB00795,,978-1482208672,"William M. Haynes (2014). CRC Handbook of Chemistry and Physics (95th ed., pp. 3-490). CRC Press."
DB00796,,978-0321556660,"Stanfield, Cindy L.;Germann, William J. (2009). Principles of Human Physiology (3rd ed.). Benjamin-Cummings Publishing Company."
DB00796,,9783540298328,"Bader, M. (2004). Renin-angiotensin-aldosterone system. In Encyclopedic reference of molecular pharmacology (pp. 810-814). Berlin: Springer."
DB00808,,,"Lukasz Komsta, Monika Waksmundzka-Hajnos, Joseph Sherma (2014). Thin Layer Chromatography in Drug Analysis. Taylor & Francis."
DB00814,,,"Carl P. Weiner MD, MBA, FACOG, Clifford Mason PhD (2019). Drugs for Pregnant and Lactating Women (3rd ed.). Elsevier."
DB00843,,,Anil Kumar; Sandeep Sharma (2019). Donepezil. Stat Pearls.
DB00863,,,Caitlin C. Nugent; Jamie M. Terrell (2018). H2 Blockers- StatPearls. StatPearls Publishing.
DB00871,,978-0-12-386455-0,"Spiller H (2014). Terbutaline. In Encyclopedia of Toxicology (Third Edition) (3rd ed., pp. 484-485). Elsevier."
DB00884,,1563634635,"Thompson Micromedex (2004). Usp Vol I Drug Info Health Vol: Volume I (USP DI: v.1 Drug Information for the Health Care Professional) (24th ed., pp. 2475). Thompson PDR."
DB00927,,978-0-7020-3471-8,"29. (2012). In Rang and Dale's Pharmacology  (7th ed., pp. 360-363). Edinburgh: Elsevier/Churchill Livingstone."
DB00945,,,Hasan Arif; Sandeep Aggarwal (2018). Salicylic Acid (Aspirin): StatPearls. StatPearls Publishing.
DB00956,,978-1-25-958473-2,"Brunton LL, Hilal-Dandan R, Knollmann BC. eds (2018). Goodman & Gilman's: The Pharmacological Basis of Therapeutics (13th ed.). McGraw-Hill Education."
DB00963,,,"Wan Po, AL. (2007). Postmarketing Surveillance. In Comprehensive Medicinal Chemistry II (pp. 755-777). Elsevier."
DB00994,,978-0-7020-3471-8,"49,50. (2012). In Rang and Dale's Pharmacology  (7th ed., pp. 63-). Edinburgh: Elsevier/Churchill Livingstone."
DB01020,,978-0-7020-3471-8,"21. (2012). In Rang and Dale's Pharmacology  (7th ed., pp. 260-261). Edinburgh: Elsevier/Churchill Livingstone."
DB01026,,978-1-25-958473-2,"Brunton LL, Hilal-Dandan R, Knollmann BC. eds (2018). Goodman & Gilman's: The Pharmacological Basis of Therapeutics (13th ed.). McGraw-Hill Education."
DB01043,,,Brianne Kuns; Dona Varghese (2019). StatPearls: Memantine. StatPearls Publishing.
DB01049,,,Seyffart G. (1992). Drug dosage in renal insufficiency (2nd ed.). Springer Science+Business Media Dordrecht.
DB01049,,,Pillay V.V. (2013). Modern medical toxicology (4th ed.). Jaypee Brothers.
DB01049,,978-0-470-33447-4,Barceloux D. (2008). Medical toxicology of natural substances. Wiley.
DB01049,,978-3-642-66777-0,Berde B. and Schild H. (1978). Ergot alkaloids and related compounds. Springer-Verlag.
DB01062,,,Jennifer Dwyer; Chad A. LaGrange (2019). Oxybutinin. StatPearls Publishing.
DB01067,,978-0-7020-3471-8,"30. (2012). In Rang and Dale's Pharmacology  (7th ed., pp. 380-381, 383). Edinburgh: Elsevier/Churchill Livingstone."
DB01068,,9783527607495,"Fischer, Jnos; Ganellin, C. Robin (2006). Analogue-based Drug Discovery. John Wiley & Sons."
DB01068,,9780190292010,"Shorter, Edward (2005). A Historical Dictionary of Psychiatry. Oxford University Press."
DB01076,,978-0-470-26096-8,"Corey E., Czako B. and Kurti L. (2007). Molecules and medicine. John Wiley & Sons, Inc."
DB01076,,978-1-78262-050-1,Kumar R. and Bandichhor R. (2018). Hazardous reagent substitution. A pharmaceutical perspective. The Royal Society of Chemistry.
DB01104,,978-0-7020-3471-8,"46. (2012). In Rang and Dale's Pharmacology  (7th ed., pp. 573-574). Edinburgh: Elsevier/Churchill Livingstone."
DB01120,,,Scholar E. (2007). XPharm: The comprehensive Pharmacology Reference. Elsevier.
DB01120,,,Ghosh S. and Collier A. (2012). Churchill's pocketbook of diabetes (2nd ed.). Elsevier.
DB01126,,978-0-7020-3471-8,"34. (2012). In Rang and Dale's Pharmacology  (7th ed., pp. 424). Edinburgh: Elsevier/Churchill Livingstone."
DB01142,,,Pagliaro L. and Pagliaro A. (1999). Psychologists' psychotropic drug reference. Taylor and Francis.
DB01142,,9780521683500,Stephen M. Stahl (2006). Essential Psychopharmacology: The Prescriber's Guide: Revised and Updated Edition. Cambridge University Press.
DB01142,,,Elks J. and Ganellin C.R. (1990). The dictionary of drugs. Springer Science.
DB01142,,978-146-7263-085,"Bishop M. (2015). Clinical chemistry: techniques, principles and correlations (6th ed.). Content Technologies Inc."
DB01212,,,"Sivapalasingam S., Steigbigel N. (2015). Mandell, Douglas and Bennett's Principles and practice of infectious diseases (8th ed.). Elsevier."
DB01216,,978-0-7020-3471-8,"34. (2012). In Rang and Dale's Pharmacology  (7th ed., pp. 424). Edinburgh: Elsevier/Churchill Livingstone."
DB01224,,,Jasdave S. Maan; Abdolreza Saadabadi (2019). Quetiapine. Stat Pearls Publishing.
DB01227,,"0080931510,9780080931517","Ghodse, AH; Galea, S. (2008). Chapter 8: Opioid analgesics and narcotic antagonists. In Side Effects of Drugs Annual: A Worldwide Yearly Survey of New Data and Trends in Adverse Drug Reactions (pp. 111). Elsevier."
DB01233,,,"Sasank Isola; Ninos Adams (2019). Metoclopramide, NIH StatPearls. Stat Pearls Publishing."
DB01247,,,Institute of Medicine (US) Council on Health Care Technology (1994). Medical Technology Assessment Directory (2nd ed.). American Medical Association Drug Evaluation.
DB01247,,,Owens D. (2010). Companion to psychiatric studies (8th ed.). Elsevier.
DB01247,,,Schatzberg A. and Nemeroff C. (2009). The american psychiatric publishing textbook of psychopharmacology (4th ed.). American Psychiatric Publishing Inc..
DB01264,,,"Christine J Kubin, Scott M Hammer (2010). Infectious diseases (3rd ed.). Mosby."
DB01275,,978-0-323-03961-1,McInnes G (2007). 84. In Comprehensive Hypertension (pp. 1037-1048). Elsevier.
DB01296,,0-309-09110-1,National Research Council; Institute of Medicine; Food and Nutrition Board; Board on Life Sciences; Committee on the Framework for Evaluating the Safety of the Dietary Supplements (2005). Dietary Supplements A Framework for Evaluating Safety:. National Academies Press (US).
DB01420,,,Elks J. and Ganellin C.R. (1990). The dictionary of drugs. Springer Science.
DB01420,,,Woo T.M. and Robinson M. (2016). Pharmacotherapeutics for advanced practice nurse prescribers (4th ed.). Davis Company.
DB01558,,,"Lacy CF, Armstrong LL, Goldman MP, Lance LL eds (2007). Lexicomp drug information handbook (15th ed.). Lexicomp."
DB01598,,978-1-25-958473-2,"Brunton LL, Hilal-Dandan R, Knollmann BC. eds (2018). Goodman & Gilman's: The Pharmacological Basis of Therapeutics (13th ed.). McGraw-Hill Education."
DB01611,,9781493905973,"Browning, David J. (2014). Hydroxychloroquine and chloroquine retinopathy. Springer."
DB01620,,978-1-25-958473-2,"Brunton LL, Hilal-Dandan R, Knollmann BC. eds (2018). Goodman & Gilman's: The Pharmacological Basis of Therapeutics (13th ed.). McGraw-Hill Education."
DB01783,,0-7817-4133-5,"Trumbo, P. R. (2005). Pantothenic Acid. In Modern Nutrition in Health and Disease (10th ed., pp. 462–467). Lippincott Williams & Wilkins."
DB01914,,978-0-7020-3471-8,"Rang, H. P. and Dale, M. M. (2012). Rang and Dale's Pharmacology  (7th ed.). Edinburgh: Elsevier/Churchill Livingstone."
DB01914,,0-7167-3136-3,"Lodish H, Berk A, Zipursky SL, Matsudaira P, Baltimore D, and Darnell J. (2000). Molecular Cell Biology (4th ed.). New York: W. H. Freeman."
DB03766,,978-0071429450,"Leonard G. Gomella, Steven A. Haist, Steven Haist (2003). Clinician's Pocket Drug Reference 2004 (3rd ed.). McGraw-Hill/Appleton & Lange."
DB04855,,978-0-7020-3471-8,"21. (2012). In Rang and Dale's Pharmacology  (7th ed., pp. 257). Edinburgh: Elsevier/Churchill Livingstone."
DB04948,,978-0-7817-7477-2,Ries R. and Miller S. (2009). Principles of Addiction Medicine (4th ed.). Lippincott Williams & Wilkins.
DB04948,,0-8018-8303-2,Strain E. and Stitzer M. (2006). The treatment of Opiod Dependence. The Johns Hopkins University Press.
DB04948,,,Zaragoza Dorwald F. (2012). Lead optimization for medicinal chemists. Wiley-VCH.
DB05885,,0-632-06046-8,"59. (2004). In The Treatment of Epilepsy (2nd ed., pp. 736). John Wiley & Sons."
DB06151,,9780080223391,"Serjeant EP, Dempsey B (1979). Ionisation constants of organic acids in aqueous solution (1st ed.). Oxford ; New York : Pergamon Press."
DB06608,,,"Grayson L., Cosgrove S., Crowe S., Hope W., McCarthy J., Mills J., Mouton J., Paterson D. (2017). Kucer's the use of antibiotics (7th ed.). CRC Press LLc."
DB06711,,978-0-12-420227-6,"Dalefield, Rosalind (2015). 12. In Veterinary Toxicology for Australia and New Zealand (pp. 170-171). Elsevier."
DB06754,,978-0-7020-3471-8,"24. (2012). In Rang and Dale's Pharmacology  (7th ed., pp. 299-300). Edinburgh: Elsevier/Churchill Livingstone."
DB06755,,,Pattani K. (2010). Early diagnosis and treatment of cancer series: Head and Neck Cancer. Elsevier.
DB06755,,,"Lustgarten M., Muller F. and Van Remmen H. (2011). Handbook of the Biology of Aging (7th ed.). Academic press."
DB06755,,,"Dasgupta A. and Klein K. (2014). Antioxidants in food, vitamins and supplements. Elsevier."
DB06755,,,"Ramachandrayya A., Venkatesh S., Bhat H., Palatty P. and Shrinath M. (2015). Foods and dietary supplements in the prevention and treatment of disease in older adults. Academic press."
DB06755,,,"Flora G., Mittal M. and Flora S. (2015). Handbook of arsenic toxicology. Academic press."
DB06755,,,"Abrahao E., Ambrosano L., Lage R., Zugaib B. and Costa A. (2017). Nutrition and functional foods for healthy aging. Academic press."
DB06755,,,Combs G. (2012). The vitamins (4th ed.). Elsevier.
DB06787,,978-0-7020-3471-8,"Rang, H. P. and Dale, M. M. (2012). Rang and Dale's Pharmacology  (7th ed.). Edinburgh: Elsevier/Churchill Livingstone."
DB06793,,,Tyrell J. (2014). Fundamentals of Industrial Chemistry. Wiley.
DB06803,,1-56363-575-5,"Thomson Micromedex (2007). Advice for the Patient Volume II (27th ed.). PDR Network, LLC."
DB06816,,978-3-0348-7090-0,Sheth UK (1975). Mechanisms of Anthelmintic Action. In Progress in Drug Research / Fortschritte der Arzneimittelforschung / Progrès des recherches pharmaceutiques. Volume 19 (pp. 152). Birkhäuser Basel.
DB08814,,,Bogousslavsky J. (2001). Drug Therapy for Stroke Prevention. Taylor and Francis.
DB08837,,978-1849736701,"O'Neil, Maryadele J. (2013). The Merck Index : An Encyclopedia of Chemicals, Drugs, and Biologicals (15th ed.). Royal Society of Chemistry, The."
DB08837,,978-0857110626,"Allen, Loyd V., Jr. (2012). Remington : The Science and Practice of Pharmacy (22nd ed.). Pharmaceutical Press."
DB08838,,978-1849736701,"O'Neil, Maryadele J. (2013). The Merck Index : An Encyclopedia of Chemicals, Drugs, and Biologicals (15th ed.). Royal Society of Chemistry, The."
DB08842,,978-0857111395,"Brayfield, Alison (2014). Martindale : The Complete Drug Reference (38th ed.). Pharmaceutical Press."
DB08842,,978-1849736701,"O'Neil, Maryadele J. (2013). The Merck Index : An Encyclopedia of Chemicals, Drugs, and Biologicals (15th ed.). Royal Society of Chemistry, The."
DB08845,,978-0857110626,"Allen, Loyd V., Jr. (2012). Remington : The Science and Practice of Pharmacy (22nd ed.). Pharmaceutical Press."
DB08846,,978-1849736701,"O'Neil, Maryadele J. (2013). The Merck Index : An Encyclopedia of Chemicals, Drugs, and Biologicals (15th ed.). Royal Society of Chemistry, The."
DB08848,,978-1849736701,"O'Neil, Maryadele J. (2013). The Merck Index : An Encyclopedia of Chemicals, Drugs, and Biologicals (15th ed.). Royal Society of Chemistry, The."
DB08907,,,"Steven L. Cowart and Max E. Stachura (1990). Clinical Methods: The History, Physical, and Laboratory Examinations. 3rd edition. (3rd ed.). Butterworths."
DB08922,,978-0-7020-3471-8,"45. (2012). In Rang and Dale's Pharmacology  (7th ed., pp. 553-563). Edinburgh: Elsevier/Churchill Livingstone."
DB08949,,978-0-7020-3471-8,"23. (2012). In Rang and Dale's Pharmacology  (7th ed., pp. 291). Edinburgh: Elsevier/Churchill Livingstone."
DB08995,,978-0-12-813822-9,"Ronald Watson, Victor Preedy (2019). Bioactive Food as Dietary Interventions for Diabetes (2nd ed.). Academic Press."
DB09001,,0-632-06046-8,"Shorvon, Simon D.;Dodson, W. E.;Fish, David;Perucca, Emilio;Aminoff, Michael J. (2004). The Treatment of Epilepsy (2nd ed.). John Wiley & Sons."
DB09012,,9781634638289 ,"Ghareeb H, Karaman R.  (2015). 6. In Commonly Used Drugs: Uses, Side Effects, Bioavailability and Approaches to Improve It (1st ed., pp. 210). Nova Science Pub Inc; UK ed. edition."
DB09053,,,"Bronson J., Black A., Dhar M., Ellsworth B. and Merritt R. (2014). Annual reports in medicinal chemistry. Elsevier."
DB09087,,,Burdock G.  (1997). Encyclopedia of food and color additives. CRC Press.
DB09087,,,Burke I. (2000). The nature of beauty . Ebury Press.
DB09087,,,"McEvoy G., Miller J. and Litvak K. (1990). AHFS Drug information 90.. Bethesda."
DB09087,,,National research council (1981). Drinking water and health (4th ed.). National academy press.
DB09087,,,Ellenhorn M.J. and Barceloux D.G. (1988). Medical toxicology: diagnosis and treatment of human poisoning. Elsevier.
DB09088,,978-3-642-71112-1,"Gary R. Strichartz (1987). Local Anesthetics. Springer, Berlin, Heidelberg."
DB09090,,940111725X,"Godfraind T, Govoni S, Paoletti R, Vanhoutte PM (2013). Calcium Antagonists: Pharmacology and Clinical Research (pp. 306-307). Springer Science & Business Media."
DB09091,,,Rietschel R. and Fowler J. (2008). Fisher's contact dermatitis. BC Decker.
DB09091,,,Rainsford K. and Velo G. (1989). New developments in antirheumatic therapy. Kluwer Academic Publishers.
DB09092,,,Seyffart G. (1992). Drug dosage in renal insufficiency (2nd ed.). Springer Science+Business Media Dordrecht.
DB09092,,,Turner P. and Volans G. (1986). The drugs handbook 1985-86. Macmillan Reference Books.
DB09093,,978-0-7020-3471-8,"49, 50. (2012). In Rang and Dale's Pharmacology  (7th ed., pp. 614, 629). Edinburgh: Elsevier/Churchill Livingstone."
DB09097,,978-0-7020-3471-8,"32. (2012). In Rang and Dale's Pharmacology  (7th ed., pp. 397-398). Edinburgh: Elsevier/Churchill Livingstone."
DB09099,,978-0-7020-3471-8,"29, 30, 32, 33, 41, . (2012). In Rang and Dale's Pharmacology  (7th ed., pp. 362, 372, 377, 394-395, 412, 522). Edinburgh: Elsevier/Churchill Livingstone."
DB09103,,,Trahan P. (1999). Clinical Handbook for biotherapy. Jones and Bartlett Publishers Inc..
DB09103,,1741031443,"Galbraith A., Bullock S., Manias E., Hunt B., and Richards A. (2013). Fundamentals of Pharmacology: An applied approach for nursing and health (2nd ed.). Pearson Education Limited."
DB09114,,,"Jackson, J.C. (2012). Avery's diseases of the newborn  (9th ed., pp. 633-646). Elsevier."
DB09114,,,"Sweet D. and Speer C. (2012). The newborn lung: neonatology questions and controversies (2nd ed., pp. 283-299). Elsevier."
DB09114,,,"1. (2010). In Ashcraft's pediatric surgery (5th ed., pp. 3-18). Elsevier."
DB09114,,,"52. (2011). In Pediatric Critical Care (4th ed., pp. 706-716). Mosby."
DB09116,,,"Barh D., Dhawan D. and Ganguly NK. (2013). Omics for personalized medicine. Springer."
DB09116,,,"Vasiliou V. and Petersen D. (2010). Comprehensive toxicology (2nd ed., pp. 131-147). Elsevier."
DB09121,,9780323511216,Arthur H. Jeske (2017). Mosby's Dental Drug Reference - E-Book (pp. 120-122). Elsevier Health Sciences.
DB09121,,9781437710359,Ronald I. Shorr (2007). Drugs for the Geriatric Patient . Elsevier Health Sciences.
DB09124,,,"Jones & Bartlett (2016). 2016 Nurse's drug handbook (15th ed., pp. 985). Jones and Bartlett Publishers Inc.."
DB09124,,,"Clark M., Harvey R., Finkel R., Rey J. and Whalen K. (2011). Pharmacology (5th ed.). Lippincott Williams & Wilkins."
DB09124,,,Hinman F. (1983). Benign prostatic hypertrophy (1st ed.). Kingsport Press.
DB09124,,,"Lobo R., Crosignani P., Paoletti R. and Bruschi F. (2002). Women's health and menopause  (1st ed.). Kluwer Academic Publishers."
DB09124,,,Carp H. (2015). Progestogens in obstetrics and gynecology.. Springer.
DB09139,,,"Oura K., Lifshits G., Saranin A., Zotov V. and Katayama M. (2003). Surface science, an introduction. Springer."
DB09147,,,Underwood E. (1977). Trace elements in human and animal nutrition (4th ed.). Academic press.
DB09160,,,Jadvar H. (2014). Cancer theranostics. Academic press.
DB09166,,978-0-7020-3471-8,"43. (2012). In Rang and Dale's Pharmacology  (7th ed., pp. 533-538). Edinburgh: Elsevier/Churchill Livingstone."
DB09167,,978-0-7020-3471-8,"45. (2012). In Rang and Dale's Pharmacology  (7th ed., pp. 559). Edinburgh: Elsevier/Churchill Livingstone."
DB09194,,,Ellis G.P. and West G.B.  (1986). Progress in Medicinal Chemistry Volume 23 (pp. 159). Elsevier.
DB09194,,,Morrison-Valfre M.  (2016). Foundations of Mental Health Care (pp. 245). Elsevier .
DB09194,,,Taylor and Francis (2000). Index Nominum 2000: International drug directory. Swiss Pharmaceutical Society.
DB09194,,,O'Brien R.A. (1986). Receptor Binding in drug research. Marcel Dekker Inc..
DB09194,,,Barceloux D.G. (2012). Medical toxicology of drug abuse: Synthesized chemicals and psychoactive plants.. Wiley.
DB09195,,,Elks J. and Ganellin C.R. (1990). The dictionary of drugs. Springer Science.
DB09195,,,"Clark M., Harvey R., Finkel R., Rey J. and Whalen K. (2011). Pharmacology (5th ed.). Lippincott Williams & Wilkins."
DB09195,,,"Szyndler J., Skorzewska A. and Plaznik A. (2003). Pharmacotherapy in psychiatry and neurology (3rd ed.). Institute of psychiatry and neurology."
DB09204,,,Ganten D. and Mulrow P.J. (1990). Pharmacology of anti-hypertensive therapeutics (1st ed.). Springer .
DB09204,,,Allen R.  (1988). Annual reports in medicinal chemistry  (23rd ed.). Academic press.
DB09204,,,"Kato R., Estabrook W. and Cayen M. (1988). Xenobiotic metabolism and disposition (2nd ed.). Taylor and Francis."
DB09204,,,Pillay V.V. (2013). Modern medical toxicology (4th ed.). Jaypee Brothers.
DB09205,,,WHO (1987). WHO drug information (4th ed.). WHO.
DB09205,,,Ellis G.P. and West G.B.  (1986). Progress in Medicinal Chemistry Volume 23. Elsevier.
DB09213,,978-0-7020-3471-8,"26. (2012). In Rang and Dale's Pharmacology  (7th ed., pp. 318-323). Edinburgh: Elsevier/Churchill Livingstone."
DB09220,,978-0-7020-3471-8,"21. (2012). In Rang and Dale's Pharmacology  (7th ed., pp. 261). Edinburgh: Elsevier/Churchill Livingstone."
DB09224,,,"Koppel, J et al. (1988). Gas chromatographic- mass spectrometric study of urinary metabolism of melperone. Journal of Biomedical Chromatography."
DB09225,,,Wright P. and O'Neill M. (2012). Core psychiatry (3rd ed.). Elsevier.
DB09225,,,Macdonald G. and Bartolome J.M. (2010). Progress in Medicinal Chemistry. Lawton and Witty.
DB09229,,,Allen R.  (1988). Annual reports in medicinal chemistry  (23rd ed.). Academic press.
DB09232,,,"Henrich W. (2012). Principles and practice of dialysis. Lippincott, Williams & Wilkins."
DB09243,,978-0-7020-3471-8,"22. (2012). In Rang and Dale's Pharmacology  (7th ed., pp. 273). Edinburgh: Elsevier/Churchill Livingstone."
DB09255,,,"Gray A., Wright J., Goodey V. and Bruce L. (2011). Injectable drugs guide. Royal pharmaceutical society ."
DB09255,,,Collins P. (2006). Dictionary of carbohydrates (2nd ed.). Taylor and Francis.
DB09256,,978-0-7020-3471-8,"55. (2012). In Rang and Dale's Pharmacology  (7th ed., pp. 680-681). Edinburgh: Elsevier/Churchill Livingstone."
DB09279,,978-0-7020-3471-8,"Rang, H. P. and Dale, M. M. (2012). Rang and Dale's Pharmacology  (7th ed.). Edinburgh: Elsevier/Churchill Livingstone."
DB09284,,,Elks J. and Ganellin C.R. (1990). The dictionary of drugs. Springer Science.
DB09299,,,"Taylor JB, Triggle DJ. (2007). Comprehensive Medicinal Chemistry II. Elsevier."
DB09317,,,14. (2015). In Pharmacology for Women’s Health. Jones & Bartlett Publishers.
DB09318,,,14. (2015). In Pharmacology for Women’s Health. Jones & Bartlett Publishers.
DB09320,,978-0-7020-5362-7,"51. (2016). In Rang & Dale's pharmacology (8th ed., pp. 626-641). Elsevier Churchill Livingstone."
DB09327,,,Ashley C. and Dunleavy A. (2014). The renal drug handbook. Caroline Ashley and Aileen Dunleavy.
DB09327,,,Wellington K. and Goa K. (2001). Drugs and aging. Springer .
DB09333,,,Woo T.M. and Robinson M. (2016). Pharmacotherapeutics for advanced practice nurse prescribers (4th ed.). Davis Company.
DB09333,,,"Swanson D., et al.  (1990). Pharmaceuticals in medical imaging. McGraw-Hill Professional."
DB09336,,,"Honjo T., Alt F. and Neuberger M. (2004). Molecular biology of B cells. Elsevier ."
DB09337,,978-0-07-17803-2,"Barrett KE, Barman SM, Boitano S, Brooks HL (2012). Ganong's Review of Medical Physiology (24th ed.). McGraw Hill."
DB09341,,978-0-7020-3471-8,"30. (2012). In Rang and Dale's Pharmacology  (7th ed., pp. 372-377). Edinburgh: Elsevier/Churchill Livingstone."
DB09341,,0-7167-3136-3,16. (2000). In Molecular Cell Biology (4th ed.). New York: W. H. Freeman.
DB09344,,,American Medical Association (1973). American Medical Associaton Drug Evaluation (2nd ed.). Publishing Sciences group.
DB09344,,,"Budavari S., et al. (1996). The Merck Index. Merck and Co.."
DB09344,,,Benedich A. and Deckelbaum R. (2015). Preventive nutrition (5th ed.). Springer .
DB09344,,,Sandberg F. and Corrigan D. (2001). Natural remedies their origins and uses. Taylor and Francis.
DB09347,,,"Swanson D., et al.  (1990). Pharmaceuticals in medical imaging. McGraw-Hill Professional."
DB09347,,,Dawson P. (1999). Textbook of contrast media. Oxford.
DB09351,,9780071624428,"Goodman, Louis Sanford, Brunton, Laurence L. Chabner, Bruce. Knollman, Bjorn C. (2011). Goodman and Gilman's the pharmacological basis of therapeutics, Pharmacological basis of therapeutics (12th ed.). New York: McGraw-Hill."
DB09379,,978-81-96396-15-2,"Kokate C., Purohit A. and Gokhale S. (2008). Pharmacognosy (42nd ed.). Pragati Book House."
DB09409,,978-0-7020-3471-8,"29. (2012). In Rang and Dale's Pharmacology  (7th ed., pp. 364). Edinburgh: Elsevier/Churchill Livingstone."
DB09409,,9780071624428,"46. (2011). In Goodman and Gilman's the pharmacological basis of therapeutics, Pharmacological basis of therapeutics (12th ed.). New York: McGraw-Hill."
DB09409,,9780729582261,"2. (2013). In Clinical naturopathic medicine (pp. 76-78). Elsevier Health Sciences, 2013."
DB09409,,9780080536279,"Civitelli, R., Ziambaras, K. and Leelawattana, R. (1997). 6. In Metabolic Bone Disease and Clinically Related Disorders (pp. 191-194). Academic Press."
DB09419,,1468448269,"Nancy B. Cummings, S. Klahr (2012). Chronic Renal Disease: Causes, Complications, and Treatment. Springer Science & Business Media."
DB09498,,978 92 4 153077 4,Peter Watts and Paul Howe (2010). Strontium and Strontium compounds. World Health Organization.
DB11057,,,Kleiman N (2018). Dry Skin. In Compendium of Therapeutic Choices for Minor Ailments (2nd ed.). Canadian Pharmacists Association.
DB11060,,,"O'Connor, Davies, G.A. Hopkins, R.M. Hopkins (2014). The Actions and Uses of Ophthalmic Drugs. Butterworth-Heinemann."
DB11065,,,Silverman R. (2002). The organic chemistry of enzyme-catalyzed reactions. Academic Press.
DB11079,,978-0-7020-3471-8,"26. (2012). In Rang and Dale's Pharmacology  (7th ed., pp. 318-322). Edinburgh: Elsevier/Churchill Livingstone."
DB11093,,978-0-07-17803-2,"21. (2012). In Ganong's Review of Medical Physiology (24th ed., pp. 377-385). McGraw Hill."
DB11094,,978-1-4612-9793-2,2. (1984). In Vitamin D: Basic and Clinical Aspects (pp. 81). Martinus Nijhoff Publishing.
DB11096,,,Encyclopedia (2007). The encyclopedia of Ultraviolet Filters. Allured.
DB11096,,978-0-8493-3968-4,Draelos D. and Thaman L. (2006). Cosmetic formulation of skin care products. Taylor and Francis Group.
DB11096,,,IARC Working Group (2001). IARC Handbooks of Cancer Prevention. WHO.
DB11097,,9780323399166,"Jennifer J. Yeager, Mary Beth Winton, Linda E. McCuistion, Kathleen DiMaggio (2018). Pharmacology: A Patient-Centered Nursing Process Approach. Elsevier Health Sciences."
DB11098,,,The American Heritage Science Dictionary  (2018). Stedman's Medical Dictionary . Houghton Mifflin Company.
DB11098,,,Rost M.  (2007). Drugs during prgnancy and lactation (2nd ed.). Academic press.
DB11098,,,Smith M. and Morton D. (2010). The digestive system  (2nd ed.). Churchill Livingstone.
DB11098,,,"German A., Maddison J. and Guilford G. (2008). Small animal clinical pharmacology (2nd ed.). Elsevier."
DB11110,,,Kim D. and Pickhardt P. (2010). CT Colonography. Elsevier.
DB11124,,978-0-7020-3471-8,"14. (2012). In Rang and Dale's Pharmacology  (7th ed., pp. 174-175, 181-182). Edinburgh: Elsevier/Churchill Livingstone."
DB11130,,,Lee M. and Abrahams M.  (2012). Clinical pharmacology (11th ed.). Churchill Livingstone.
DB11130,,,"Michael-Titus A., Revest P. and Shortland P. (2010). The nervous system (2nd ed.). Churchill Livingstone."
DB11130,,,"Hanna M., Ouanes J. and Garcia V. (2014). Practical Management of Pain (5th ed.). Mosby."
DB11130,,,Le Coutuer P. and Burreson J. (2003). Napoleon's Buttons: 17 molecules that changed history. Tarcher.
DB11133,,978-0-7020-3471-8,"23. (2012). In Rang and Dale's Pharmacology  (7th ed., pp. 291-2). Edinburgh: Elsevier/Churchill Livingstone."
DB11148,,1-58255-320-3,Schilling J. (2004). Pharmacology. A2-in-1 reference for nurses. Lippincott Williams & Wilkins.
DB11148,,,Buch J. (2010). Clinically oriented pharmacology (2nd ed.). PDU Medical College.
DB11148,,978-0323-07371-4,Daskalos D. (2012). Local anesthesia for the dental hygienist. Elsevier.
DB11148,,,Rossoff I. (1974). Handbook of veterinary drugs. Springer.
DB11148,,3-7186-5247-1,Whateley T. (1992). Microencapsulation of drugs. Hardwood Academic Publishers..
DB11158,,,"Kluwer W. (2008). Clinical pharmacology made incredibly easy (3rd ed.). Lippincott, Williams & Wilkins."
DB11164,,,International Atomic Energy Agency (2008). Technetium-99m radiopharmaceuticals: Manufacture of kits. IAEA.
DB11164,,,Kowalsky R. (2006). Technetium radiopharmaceutical chemistry. University of New Mexico Health Sciences Center.
DB11164,,,"Grunwald F., Kasper S., Biersack J. and Moller J. (1995). Brain SPECT Imaging in psychiatry. Walter de Gruyter."
DB11180,,,Jadvar H. (2014). Cancer theranostics. Academic press.
DB11181,,978-0-7020-3471-8,"13. (2012). In Rang and Dale's Pharmacology  (7th ed., pp. 159-161). Edinburgh: Elsevier/Churchill Livingstone."
DB11235,,978-1-25-958473-2,"Chapter 39: Histamine, Bradykinin, and Their Antagonists. (2018). In Goodman & Gilman's: The Pharmacological Basis of Therapeutics (13th ed.). McGraw-Hill Education."
DB11273,,0-12-260807-0,Florey K. (1978). Analytical profiles of drug substances (7th ed.). Academic Press.
DB11273,,978-3-642-66777-0,Berde B. and Schild H. (1978). Ergot alkaloids and related compounds. Springer-Verlag.
DB11273,,978-0-470-33447-4,Barceloux D. (2008). Medical toxicology of natural substances. Wiley.
DB11273,,,Preston S. (1917). Endocrinology. Williams & Wilkins Co..
DB11274,,3-7692-3483-9,"Steinhilber, D., Schubert M. and Roth H. (2005). Medizinische Chemie. Deutscher Apotheker Verlag."
DB11275,,3-7692-3483-9,"Steinhilber, D., Schubert M. and Roth H. (2005). Medizinische Chemie. Deutscher Apotheker Verlag."
DB11278,,,"Steven B. Karch, Olaf Drummer (1996). Karch's Pathology of Drug Abuse, Third Edition. CRC Press."
DB11300,,0781728452,Richard C. Dart (2004). Medical Toxicology Third Edition (3rd ed.). Lippincott Williams & Wilkins.
DB11348,,978-0-07-17803-2,"Barrett KE, Barman SM, Boitano S, Brooks HL (2012). Ganong's Review of Medical Physiology (24th ed.). McGraw Hill."
DB11358,,,Wollschlaeger B. (2003). The ABC Clinical Guide to Herbs. American botanical council.
DB11361,,978-0-443-06241-4,Tisserand R. and Young R. (2014). Essential Oil Safety (2nd ed.). Elsevier.
DB11361,,978-966-382-553-3,"Bobyrov V., Devyatkina T., Vazhnicha O. and Khristyuk V. (2015). Pharmacology: Textbook for medical higher education institutions (3rd ed.). Nova Knyha."
DB11367,,9780071624428,"53. (2011). In Goodman and Gilman's the pharmacological basis of therapeutics, Pharmacological basis of therapeutics (12th ed.). New York: McGraw-Hill."
DB11387,,1584884169,"Yannai, Shmuel (2003). Dictionary of Food Compounds with : Additives, Flavors, and Ingredients. CRC Press LLC."
DB11397,,1584884169,"Yannai, Shmuel (2003). Dictionary of Food Compounds with : Additives, Flavors, and Ingredients. CRC Press LLC."
DB11404,,1584884169,"Yannai, Shmuel (2003). Dictionary of Food Compounds with : Additives, Flavors, and Ingredients. CRC Press LLC."
DB11410,,1584884169,"Yannai, Shmuel (2003). Dictionary of Food Compounds with : Additives, Flavors, and Ingredients. CRC Press LLC."
DB11412,,1584884169,"Yannai, Shmuel (2003). Dictionary of Food Compounds with : Additives, Flavors, and Ingredients. CRC Press LLC."
DB11421,,1584884169,"Yannai, Shmuel (2003). Dictionary of Food Compounds with : Additives, Flavors, and Ingredients. CRC Press LLC."
DB11431,,978-0-12-407691-4,Brittain H. (2013). Profiles of drug substances and related methodology. Volume 38 (1st ed.). Elsevier.
DB11431,,,Varga M. (2014). Textbook of rabbit medicine (2nd ed.). Butterworth Heinmann.
DB11433,,1584884169,"Yannai, Shmuel (2003). Dictionary of Food Compounds with : Additives, Flavors, and Ingredients. CRC Press LLC."
DB11437,,1584884169,"Yannai, Shmuel (2003). Dictionary of Food Compounds with : Additives, Flavors, and Ingredients. CRC Press LLC."
DB11446,,1584884169,"Yannai, Shmuel (2003). Dictionary of Food Compounds with : Additives, Flavors, and Ingredients. CRC Press LLC."
DB11457,,1584884169,"Yannai, Shmuel (2003). Dictionary of Food Compounds with : Additives, Flavors, and Ingredients. CRC Press LLC."
DB11458,,1584884169,"Yannai, Shmuel (2003). Dictionary of Food Compounds with : Additives, Flavors, and Ingredients. CRC Press LLC."
DB11464,,1584884169,"Yannai, Shmuel (2003). Dictionary of Food Compounds with : Additives, Flavors, and Ingredients. CRC Press LLC."
DB11480,,1584884169,"Yannai, Shmuel (2003). Dictionary of Food Compounds with : Additives, Flavors, and Ingredients. CRC Press LLC."
DB11482,,,Grieve M. (1995). A modern herbal. Botanical.
DB11482,,978-0-7020-51-821,"Bolognia J., Jorizzo J. and Schaffer J. (2009). Dermatology E-book (3rd ed.). Elsevier."
DB11482,,0-85369-578-4,Lis-Balchin M. (2006). Aromatherapy science (1st ed.). Pharmaceutical Press.
DB11496,,1584884169,"Yannai, Shmuel (2003). Dictionary of Food Compounds with : Additives, Flavors, and Ingredients. CRC Press LLC."
DB11583,,1-890595-66-7,"Ash M. and Ash I. (2004). Handbook of preservatives. Synapse information resources, Inc."
DB11583,,978-0-323-35669-5,Stull J. and Weese J. (2015). Infection Control. Elsevier.
DB11583,,,Seyffart G. (1992). Drug dosage in renal insufficiency (2nd ed.). Springer Science+Business Media Dordrecht.
DB11584,,,10. (2013). In Novel Psychoactive Substances. Academic Press.
DB11584,,,"Walter S. Root, Frederick G. Hofmann (2015). The Nervous System: Central Nervous System Drugs. Academic Press."
DB11589,,978-1-4377-1984-0,"Castile RG, Davis SD (2012). 12. In Kendig & Chernick's Disorders of the Respiratory Tract in Children (8th ed., pp. 211). Elsevier Saunders."
DB11601,,978-0-7020-3471-8,"6. (2012). In Rang and Dale's Pharmacology  (7th ed., pp. 82-84). Edinburgh: Elsevier/Churchill Livingstone."
DB11626,,978-1-25-958473-2,"Brunton LL, Hilal-Dandan R, Knollmann BC. eds (2018). Goodman & Gilman's: The Pharmacological Basis of Therapeutics (13th ed.). McGraw-Hill Education."
DB11735,,0323140211,Rene Germanier (2012). Bacterial Vaccines. Academic Press.
DB11753,,,"Kerr P. (2013). Fighting multidrug resistance with herbal extracts, essential oils and their components. Academic Press."
DB11943,,978-0-7020-3471-8,"49. (2012). In Rang and Dale's Pharmacology  (7th ed., pp. 612-614). Edinburgh: Elsevier/Churchill Livingstone."
DB11963,,,Bethesda (2006). Drugs and Lactation Database. National Library of Medicine.
DB11978,,,Bethesda (2006). Drugs and Lactation Database. National Library of Medicine.
DB12161,,978-0-7020-3471-8,"39. (2012). In Rang and Dale's Pharmacology  (7th ed., pp. 489-490). Edinburgh: Elsevier/Churchill Livingstone."
DB12532,,,Parakh R. and Patil N. (2017). International Journal of Research in Medical Sciences. MSJ Online.
DB12532,,978-93-5090-655-2,Kapoor A. and Raju S. (2013). Ilustrated Medical Pharmacology. Jaypee Brothers.
DB12783,,1498794610,"Caroline Ashley, Aileen Dunleavy (2017). The Renal Drug Handbook: The Ultimate Prescribing Guide for Renal Practitioners (4th ed.). CRC Press."
DB13163,,978-1-4377-0310-8,12. (2011). In Applied Pharmacology (pp. 129). Elsevier Health Sciences.
DB13178,,,Kapalka G. (2010). Practical resources for the Mental Health Professional. Academic Press.
DB13179,,978-0-7020-3471-8,"5. (2012). In Rang and Dale's Pharmacology  (7th ed., pp. 614, 631-632). Edinburgh: Elsevier/Churchill Livingstone."
DB13192,,,"Konkle B., Huston H. and Fletcher S. (2017). Gene Reviews. University of Washington.."
DB13192,,,Hodgson B and Kizior R. (2014). Saunders Nursing Drug Handbook. Elsevier.
DB13200,,978-0-7020-3471-8,"25. (2012). In Rang and Dale's Pharmacology  (7th ed., pp. 315). Edinburgh: Elsevier/Churchill Livingstone."
DB13213,,1137490934,8. (2015). In Psychiatry in Communist Europe. Palgrave Macmillan.
DB13235,,,Troy B. and Beringer P. (2006). Remington: The Science and Practice of Pharmacy (21st ed.). Lippincott Williams & Wilkins.
DB13245,,3662076772,"Kanerva, P. Elsner, J.E. Wahlberg, H.I. Maibach (2013). Handbook of Occupational Dermatology. Springer Science & Business Media."
DB13249,,978-0-12-387667-6,"Rashid I., Nidal H. Daraghmeh M., Omari A., Babur Z., Chowdhry S., Leharne H., Adnan A. (2011). Profiles of drug substances and related methodology. Academic Press."
DB13265,,9789401162234,M.J. Denham (2012). The Treatment of Medical Problems in the Elderly Volume 3. Springer Science & Business Media.
DB13268,,81-7648-125-4,Nath R. (2000). Health and disease role of micronutrients and trace elements. New Apcon.
DB13268,,0-398-05860-1,Morton W. and Schuman J. (1993). Toxicology of the eye (4th ed.). Charles C Thomas.
DB13277,,9780080862545,"G. P. Ellis, G.B. West (2011). Progress in Medicinal Chemistry, Volume 6. Butterworth-Heinemann."
DB13293,,,Barceloux D.G. (2012). Medical toxicology of drug abuse: Synthesized chemicals and psychoactive plants.. Wiley.
DB13293,,,Benzoni T. and Gossman W. (2017). Ipecac. Treasure Island: StatPearls Publishing.
DB13444,,978-3-642-46844-5,Buthiau D. and Khayat D. (1995). CT and MRI in oncology. Springer-Verlag.
DB13444,,,Seyffart G. (1992). Drug dosage in renal insufficiency (2nd ed.). Springer Science+Business Media Dordrecht.
DB13444,,978-0-8138-1753-8,Coyne C. (2006). Comparative diagnostics pharmacology. Blackwell publishing.
DB13456,,,Bycroft B. and Payne D. (2014). Dictionary of Antibiotic and Related Substances (2nd ed.). CRC Press.
DB13456,,,"Omura S. (2002). Macrolide antibiotics: Chemistry, Biology and Practice (2nd ed.). Academic Press."
DB13456,,,"Garbis H., Tonningen M. and Reuvers M. (2007). Drugs during Pregnancy and Lactation (2nd ed.). Academic Press."
DB13501,,9780857113092,Alison Brayfield (2017). Martindale the Complete Drug Reference - Volume A (39th ed.). Pharmaceutical Press.
DB13532,,978-0-7020-3471-8,"37. (2012). In Rang and Dale's Pharmacology  (7th ed., pp. 455). Edinburgh: Elsevier/Churchill Livingstone."
DB13751,,,Gloria M. (2003). Encyclopedia of food sciences and nutrition (2nd ed.). Academic Press.
DB13751,,,"Sharma M., Dwivedi P., Singh A. and Dwivedi A. (2016). Nutraceuticals. Academic Press."
DB13765,,0470755067," Maillard, Adam P. Fraise, Peter A. Lambert, Jean-Yves (2007). Principles and Practice of Disinfection, Preservation and Sterilization (pp. 4). Oxford: John Wiley & Sons."
DB13783,,,"Acton A.  (2011). Issues in Pharmacology, Pharmacy, Drug Research and Drug Innovation . ScholarlyEditions."
DB13783,,,Sneader W. (2005). Drug discovery a history. Wiley.
DB13783,,,"Chian R., Nargund G. and Huang J. (2017). Development of In vitro maturation for human oocytes. Springer."
DB13783,,,Seyffart G. (1992). Drug dosage in renal insufficiency (2nd ed.). Springer Science+Business Media Dordrecht.
DB13872,,978-0-7020-3471-8,"43. (2012). In Rang and Dale's Pharmacology  (7th ed., pp. 533-534). Edinburgh: Elsevier/Churchill Livingstone."
DB13896,,3319637576,"Sandip Pravin Patel, Razelle Kurzrock (2017). Early Phase Cancer Immunotherapy: Current Cancer Research. Springer."
DB13913,,978-0-7020-3471-8,"13. (2012). In Rang and Dale's Pharmacology  (7th ed., pp. 159-161). Edinburgh: Elsevier/Churchill Livingstone."
DB13933,,,"Konkle B., Huston H. and Fletcher S. (2017). Gene Reviews. University of Washington.."
DB13949,,978-0-7020-3471-8,"25. (2012). In Rang and Dale's Pharmacology  (7th ed., pp. 310-312). Edinburgh: Elsevier/Churchill Livingstone."
DB13952,,978-3-642-60107-1,"W. KuhnzH. BlodeH. Zimmermann (1993). Pharmacokinetics of Exogenous Natural and Synthetic Estrogens and Antiestrogens. In: Estrogens and Antiestrogens II. (pp. 261). Springer, Berlin, Heidelberg."
DB13953,,978-3-642-60107-1,"W. KuhnzH. BlodeH. Zimmermann (1993). Pharmacokinetics of Exogenous Natural and Synthetic Estrogens and Antiestrogens. In: Estrogens and Antiestrogens II.. Springer, Berlin, Heidelberg."
DB13954,,978-3-642-60107-1,"W. KuhnzH. BlodeH. Zimmermann (1993). Pharmacokinetics of Exogenous Natural and Synthetic Estrogens and Antiestrogens. In: Estrogens and Antiestrogens II.. Springer, Berlin, Heidelberg."
DB13955,,978-3-642-60107-1,"W. KuhnzH. BlodeH. Zimmermann (1993). Pharmacokinetics of Exogenous Natural and Synthetic Estrogens and Antiestrogens. In: Estrogens and Antiestrogens II.. Springer, Berlin, Heidelberg."
DB13956,,978-3-642-60107-1,"W. KuhnzH. BlodeH. Zimmermann (1993). Pharmacokinetics of Exogenous Natural and Synthetic Estrogens and Antiestrogens. In: Estrogens and Antiestrogens II.. Springer, Berlin, Heidelberg."
DB13964,,978-1-4398-0713-2,"Iris F. F. Benzie, Sissi Wachtel-Galor (2011). Herbal Medicine: Biomolecular and Clinical Aspects (2nd ed.). CRC Press/Taylor & Francis."
DB13964,,978-1-4899-0729-5,"Bailey J. (1991). Prostaglandins, leukotrienes, lipoxins and PAF. Springer."
DB13964,,,Roland P. (2008). Otolaryngology: Head and Neck Surgery. J. Othons.
DB13964,,,Mueller R (2008). Small Animal Clinical Pharmacology. Elsevier.
DB13964,,,Braun L. and Cohen M. (2010). Herbs & Natural Supplement: An evidence-based guide. Elsevier.
DB13966,,9780323292658,"Kathy Moscou, Karen Snipe (2014). Pharmacology for Pharmacy Technicians. Elsevier Health Sciences."
DB13979,,978-3-527-32937-3,"Stefan Dubel, Janice M. Reichert (2014). Handbook of Therapeutic Antibodies, Volume 3: Approved Therapeutic Antibodies (3rd ed.). John Wiley & Sons."
DB13980,,,"Nairne J., Iveson P. and Meijer A. (2015). Progress in medicinal chemistry (54th ed.). Elsevier."
DB13995,,,Underwood E. (1977). Trace elements in human and animal nutrition (4th ed.). Academic press.
DB14001,,0309069491,"Institute of Medicine (US) Panel on Dietary Antioxidants and Related Compounds (2000). Dietary Reference Intakes for Vitamin C, Vitamin E, Selenium, and Carotenoids. National Academies Press (US)."
DB14002,,0309069491,"Institute of Medicine (US) Panel on Dietary Antioxidants and Related Compounds (2000). Dietary Reference Intakes for Vitamin C, Vitamin E, Selenium, and Carotenoids. National Academies Press (US)."
DB14003,,0309069491,"Institute of Medicine (US) Panel on Dietary Antioxidants and Related Compounds (2000). Dietary Reference Intakes for Vitamin C, Vitamin E, Selenium, and Carotenoids. National Academies Press (US)."
DB14005,,,Washington N. (1961). Antacids and anti-reflux agents. CRC Press .
DB14005,,,Schueller R. and Romanowski P. (1999). Conditioning Agents for Hair and Skin. Marcel Dekker.
DB14007,,,Reilly R. (2013). The fundamental principles of compartmental pharmacokinetics illustrated by radiopharmaceuticals commonly used in nuclear medicine. ACPE.
DB14007,,,Zhou H. and Theil F. (2016). ADME amd translational pharmacokinetics/pharmacodynamics of therapeutic proteins. John Wiley & Sons.
DB14059,,,Randall E. Harris (2002). COX-2 Blockade in Cancer Prevention and Therapy. Humana Press.
DB14059,,,"Luka Milas, K. K Ang, C. Nieder (2003). Modification of Radiation Response: Cytokines, Growth Factors, and Other Biological Targets (Medical Radiology). Springer."
DB14126,,,"Sivapalasingam S., Steigbigel N. (2015). Mandell, Douglas and Bennett's Principles and practice of infectious diseases (8th ed.). Elsevier."
DB14146,,978-0-07-162442-8,"Goodman, Louis Sanford;Brunton, Laurence L.;Chabner, Bruce;Knollman, Bjorn (2011). The Pharmacological Basis of Therapeutics (12th ed.). McGraw-Hill Professional Publishing."
DB14185,,978-0-7020-3471-8,"45. (2012). In Rang and Dale's Pharmacology  (7th ed., pp. 553-557). Edinburgh: Elsevier/Churchill Livingstone."
DB14481,,978-0-07-17803-2,"Barrett KE, Barman SM, Boitano S, Brooks HL (2012). Ganong's Review of Medical Physiology (24th ed.). McGraw Hill."
DB14649,,,"Susan J. Dreyer MD, William Jeremy Beckworth MD (2011). Pain procedures in clinical practice: Commonly Used Medications in Procedures (3rd ed.). Elsevier."
DB14879,,978-1-25-958473-2,"Brunton LL, Hilal-Dandan R, Knollmann BC. eds (2018). Goodman & Gilman's: The Pharmacological Basis of Therapeutics (13th ed.). McGraw-Hill Education."
DB14975,,,Ankit Mangla; Moavia Ehsan; Smita Maruvada (2019). Sickle Cell Anemia. Stat Pearls.
DB15271,,,Ankit Mangla; Moavia Ehsan; Smita Maruvada (2019). Sickle Cell Anemia. Stat Pearls.
DB15593,,,Vijay Venugopal; Steven Pavlakis (2019). Duchenne Muscular Dystrophy. StatPearls Publishing.
DB15747,,9781455774050,"Stuart J. Knechtle, Peter J Morris (2013). Kidney Transplantation - Principles and Practice. Elsevier Health Sciences."
DB15868,,9780128098936,"Atala A., Lanza R., Mikos T., and Nerem R. (2019). Principles of Regenerative Medicine (3rd ed.). Elsevier."
