drugbank_id,protein_name,adverse_reaction
DB00072,Receptor tyrosine-protein kinase erbB-2,"G Allele, heterozygote"
DB00201,Cytochrome P450 1A2,C allele
DB00215,"Glutamate receptor ionotropic, kainate 2","C Allele, homozygote"
DB00215,Glutamate receptor 3,G allele
DB00215,Cyclic AMP-responsive element-binding protein 1,"T allele, homozygous"
DB00252,"HLA class I histocompatibility antigen, B-15 alpha chain",HLA-B*15
DB00313,DNA polymerase subunit gamma-1,G > A
DB00313,DNA polymerase subunit gamma-1,G > C
DB00317,ATP-binding cassette sub-family G member 2,A allele
DB00349,Cytochrome P450 2C19,G > A/C
DB00352,Thiopurine S-methyltransferase,G Allele
DB00352,Thiopurine S-methyltransferase,A Allele
DB00352,Thiopurine S-methyltransferase,G Allele
DB00352,Thiopurine S-methyltransferase,G > A
DB00363,Guanine nucleotide-binding protein G(I)/G(S)/G(T) subunit beta-3,TT allele
DB00437,HLA class I histocompatibility antigen protein P5,G allele
DB00441,Ribonucleoside-diphosphate reductase large subunit,"A allele, homozygous"
DB00515,Glutathione S-transferase Mu 1,presence of functional GSTM1
DB00515,Low-density lipoprotein receptor-related protein 2,
DB00515,Glutathione S-transferase P,
DB00515,DNA repair protein complementing XP-C cells,
DB00544,Thymidylate synthase,(CCGCGCCACTTCGCCTGCCTCCGTCCCG)2/3/4
DB00544,Dihydropyrimidine dehydrogenase [NADP(+)],C allele
DB00544,Glutathione S-transferase P,A allele
DB00544,Dihydropyrimidine dehydrogenase [NADP(+)],A allele
DB00544,Dihydropyrimidine dehydrogenase [NADP(+)],T > A
DB00544,Dihydropyrimidine dehydrogenase [NADP(+)],G > A
DB00544,Dihydropyrimidine dehydrogenase [NADP(+)],A > C
DB00544,Dihydropyrimidine dehydrogenase [NADP(+)],T > A
DB00544,Dihydropyrimidine dehydrogenase [NADP(+)],G > A
DB00544,Dihydropyrimidine dehydrogenase [NADP(+)],A > G
DB00544,Dihydropyrimidine dehydrogenase [NADP(+)],G > A
DB00544,Dihydropyrimidine dehydrogenase [NADP(+)],T > C
DB00563,Canalicular multispecific organic anion transporter 1,T allele
DB00563,Methylenetetrahydrofolate reductase,T allele
DB00564,Heat shock 70 kDa protein 1-like,T allele
DB00564,Heat shock 70 kDa protein 1A/1B,C allele
DB00564,"HLA class I histocompatibility antigen, B-15 alpha chain",T allele
DB00564,"HLA class I histocompatibility antigen, A-31 alpha chain",G allele
DB00564,Promotilin,A allele
DB00564,Flotillin-1,G > C
DB00564,Mucin-21,G>A
DB00564,"HLA class I histocompatibility antigen, B-15 alpha chain",HLA-B*15
DB00564,"HLA class I histocompatibility antigen, A-3 alpha chain",A > T
DB00641,Solute carrier organic anion transporter family member 1B1,T > C
DB00675,Coagulation factor V,A allele
DB00694,Cytochrome P450 1B1,G allele
DB00694,Heterogeneous nuclear ribonucleoprotein D0,A allele
DB00694,SEC14-like protein 3,T allele
DB00694,Inhibitor of nuclear factor kappa-B kinase subunit epsilon,A allele
DB00694,Retinoic acid receptor gamma,C>T
DB00694,Solute carrier family 28 member 3,G > A
DB00694,UDP-glucuronosyltransferase 1-6,G > T
DB00758,Cytochrome P450 2C19,681G>A
DB00762,UDP-glucuronosyltransferase 1-1,extra TA in promoter
DB00762,UDP-glucuronosyltransferase 1-7,G allele
DB00762,UDP-glucuronosyltransferase 1-1,A Allele
DB00762,UDP-glucuronosyltransferase 1-1,"extra TA in promoter, homozygous"
DB00776,"HLA class I histocompatibility antigen, B-15 alpha chain",HLA-B*15
DB00864,Multidrug resistance protein 1,T Allele (G2677T)
DB00945,Leukotriene C4 synthase,C allele
DB00946,Cytochrome P450 2C9,T Allele
DB00946,Cytochrome P450 2C9,C Allele
DB00946,Vitamin K epoxide reductase complex subunit 1,G > A
DB00951,Cytochrome P450 2E1,
DB00993,Thiopurine S-methyltransferase,G Allele
DB00993,Thiopurine S-methyltransferase,A Allele
DB00993,Thiopurine S-methyltransferase,G Allele
DB00997,Retinoic acid receptor gamma,C>T
DB00997,Solute carrier family 28 member 3,G > A
DB00997,UDP-glucuronosyltransferase 1-6,G > T
DB01033,Thiopurine S-methyltransferase,G Allele
DB01033,Thiopurine S-methyltransferase,A Allele
DB01033,Thiopurine S-methyltransferase,G Allele
DB01048,HLA class I histocompatibility antigen protein P5,G allele
DB01072,UDP-glucuronosyltransferase 1-1,TA pair insertion
DB01072,UDP-glucuronosyltransferase 1-1,TA pair insertion
DB01072,UDP-glucuronosyltransferase 1-1,"G > A, homozygous"
DB01097,Cytochrome P450 1A2,C allele
DB01101,Dihydropyrimidine dehydrogenase [NADP(+)],G > A
DB01101,Dihydropyrimidine dehydrogenase [NADP(+)],A > C
DB01101,Dihydropyrimidine dehydrogenase [NADP(+)],T > A
DB01101,Dihydropyrimidine dehydrogenase [NADP(+)],G > A
DB01101,Dihydropyrimidine dehydrogenase [NADP(+)],A > G
DB01101,Dihydropyrimidine dehydrogenase [NADP(+)],G > A
DB01101,Dihydropyrimidine dehydrogenase [NADP(+)],T > C
DB01118,Potassium voltage-gated channel subfamily H member 2,KCNE2
DB01175,Sodium-dependent serotonin transporter,A allele
DB01233,Cytochrome P450 2D6,C > G
DB01233,Cytochrome P450 2D6,G > A
DB01233,Potassium voltage-gated channel subfamily H member 2,G > A
DB01248,Canalicular multispecific organic anion transporter 1,G Allele
DB01259,"HLA class II histocompatibility antigen, DQ alpha 1 chain",HLA-DQA1*02
DB01259,"HLA class II histocompatibility antigen, DRB1-11 beta chain",HLA-DRB1*07
DB01259,"HLA class II histocompatibility antigen, DQ beta 1 chain",HLA-DQB1*02
DB01259,Tenascin-X,T > C
DB01268,Cytochrome P450 3A4,G > A
DB01418,Vitamin K epoxide reductase complex subunit 1,G > A
DB01577,PRKCA-binding protein,T allele
DB04868,UDP-glucuronosyltransferase 1-1,extra TA in promoter
DB05015,UDP-glucuronosyltransferase 1-1,"extra TA in promoter, homozygous"
DB05015,UDP-glucuronosyltransferase 1-1,A > C
DB06210,Coagulation factor V,A allele
DB06210,Antithrombin-III,C > T
DB06589,UDP-glucuronosyltransferase 1-1,TA pair insertion
DB06589,HLA class I histocompatibility antigen protein P5,G allele
DB09256,Dihydropyrimidine dehydrogenase [NADP(+)],G > A
DB09256,Dihydropyrimidine dehydrogenase [NADP(+)],A > C
DB09256,Dihydropyrimidine dehydrogenase [NADP(+)],T > A
DB09256,Dihydropyrimidine dehydrogenase [NADP(+)],G > A
DB09256,Dihydropyrimidine dehydrogenase [NADP(+)],A > G
DB09256,Dihydropyrimidine dehydrogenase [NADP(+)],G > A
DB09256,Dihydropyrimidine dehydrogenase [NADP(+)],T > C
